occurrence,source_filename_sha256,repository_filename,sanitized_sha256
1,2c22ebf0c05a423186742485ddb22a188d3ec14ea7f2c126e0351928593135de,aetherv236_v24_depthpop_replace_enhance.html,b16d6d8270cac5b6e3d855f197813921f2640d66e808efe59a4a5f937ee6dee8
2,86d5b26c40eda5c2cf99078de73e7a6d2033e2e283728928914d5e52f36c14fa,aetherv236_v25_depthpop_panel_erase_NO_nanobanana_5055.html,4dad09f84c9d653e79fcc2e55855afecab9e69ed7a7fc86b7e72fd861b5357b7
3,d311a52163a68798cd23e412e7091f856b85f74d5646f86d2f34fa054d7c54cf,aetherv236_v25_depthpop_panel_erase_no_nanobanana.html,17b2084e03d8e4800299c6f8e17357a0ea5b18de7e8266437c56449393d7edae
4,ef3580621acba85640f63a322518f83fd504a71987e8712899c2d62059ce1719,aetherv236_v26_depthpop_icons_nodepanel_localtools.html,458106260648b964b1e2174d46dd5a5731c26117da526f106280362efc6bab5c
5,d6f06318f9116f912a155179d873b66460462b2b3086d928516d509b71585a8b,aetherv236_v27_depthpop_panel_header_cleanup.html,e71fe2d579270410f3eb563150b7c443cc287bfc71e526c5d0546bcc40003f44
6,7900c371013a5d51cca26be9070b5ac8c5940d589a049205a57eb197353bff34,aetherv236_v28_depthpop_icon_center_no_hint.html,111de084035f103776b367bffa512a1b2cb8b15d970843ebb0ac0fd4e8d2d6c6
7,094cc335902fd94114b40d8ae2b4b43b5528100977ce020241e7794c4ddfbb0b,aetherv236_v29_depthpop_lift_tight_no_scroll.html,1e7de519f480a86436ef9dd2f97948a8fa2b20151d2ac883839a8044039a925e
8,f6be38c5d2df3cd39c4f4090fad4dddf426d00a73aaf237156d798db19a2dd1c,aetherv236_v30_depthpop_lift_more_exec_bottom.html,3becee349556ab9bc888db442149a048b516741ba381603c4b28fbd0d52f9f03
9,95c495b8a03cecf4d20b4ecc4c118606be7ace3df3d50b9828996e537eaf3956,aetherv236_v31_depthpop_lift_content_more_button_space.html,7bc641001d189ce18a20b841fc29709c5f3051107b46d87019754f4fc7fafa77
10,895ba81aa042abd650337fbff3b19930f15e40e66d253dcf60dfdd125cec5a45,aetherv236_v32_depthpop_exec_down_no_scroll.html,9509bf7cdd881c7c14c9d3ff593b3df146fd9642a8f66bafcd6b6f643836f118
11,dd6b45138d486f1d5bee30f58fc03727faf2a0061d97f2dad5c020269c050ef3,aetherv236_v33_depthpop_live_preview_sliders.html,4bc05c28678c4c6e25717eefd059c2ea46df5dbb83a4efa582f3be0c5837d2d6
12,ce164af45738d3fe11e6d087f3378576d747fe6c97a65af61343dac2bebc20c9,aetherv236_v35_depthpop_live_preview_faster_queue_export.html,bb962cd1eeaa83ada667032d65f363f212f7a3c97c457d4c98bfe19adfd24bff
13,56248884dc741387a282e51ab9bff203d9a40729d20a3677aeefd869e64c6b09,aetherv236_v37_depthpop_live_preview_fixed_fast90 (1).html,6baa11664e55565f0d1e7554551a336ad421649ae319c4624ee02918f31ae50d
14,501b076173d94df6ca7833ad8cd1b80ecdf6c2667b44adda2297a7bb3440eb69,aetherv236_v37_depthpop_live_preview_fixed_fast90 (2).html,6baa11664e55565f0d1e7554551a336ad421649ae319c4624ee02918f31ae50d
15,27f36403075d2ef5d7c21c115afdb1f9726a38a4d6808f825b65e7c2069f4203,aetherv236_v37_depthpop_live_preview_fixed_fast90.html,6baa11664e55565f0d1e7554551a336ad421649ae319c4624ee02918f31ae50d
16,c6a148c107cdad764cb4fddf10a4e0a02538c9a3d6ca749eed74603477aa1b0f,aetherv236_v38_depthpop_preview_fix_enhance_scope_blob (1).html,af8013228ac00c988e8a5153c135293b7b1c8b52c0f9c01d5f24bff460ddbedf
17,f204728251a5183b52d9f2fdfa37af79149df902d78a84b2d43817a42edce404,aetherv236_v38_depthpop_preview_fix_enhance_scope_blob.html,af8013228ac00c988e8a5153c135293b7b1c8b52c0f9c01d5f24bff460ddbedf
18,fb84570cbb81b2803b95d793d5ea555fbacb214b9e61ff9a726cb362f65a6a09,aetherv236_v40_depthpop_preview_port5055_first.html,a65f3c2a8d277d3f4602612e46bf625e39110c1e6ecc92ed8517843e9dec79ea
19,abcdea50555f23511838a8ec12ed1cd07c900ec47c4c3a9052a14d6a86d3c018,aetherv236_v41_depthpop_preview_cors_file_support.html,6e677c788f85626c36c8789a25d6fd82674f1b7e52cdb3c658a5d246b4a528ae
20,ab012a031c47c361abd624e86076a4424d4dc67bb70149a9bf9d92bb52ee1df6,aetherv237_v42_depthpop_preview_depthfix_persist.html,26645994ee3296ca7238594bc73c55ba89c017ba0a47b3bed7298d19779c89fa
21,bb2c305c53ce8611be0a07ebb7e23f9169de3e947bb5d57c862cef1e850fcb96,aetherv238_v43_depthpop_preview_blobpurge (1).html,bd9da68d8d7f8eee165c6c32f0254c264a15dfede00380afce111f952b8b18c9
22,64f3b53fa0fd4eb8dabf735927df05ee9950fbff66fbd6da6360494985839bc7,aetherv238_v43_depthpop_preview_blobpurge.html,bd9da68d8d7f8eee165c6c32f0254c264a15dfede00380afce111f952b8b18c9
23,f6ed25dfd8f8b03d43c897afed25e208729dc979989a07e7e5fe21a0ce5b26f6,aetherv239_v44_depthpop_instant_canvas_preview (1).html,4b97e82df1e63b5d88aecbf8ded0f47faadaa0a4dfcd1ad53bf734d06713aef2
24,63aa1a18acf21d54cf7a7efad2a0996ba3ce3795e860ca46d18ac95c6f903c27,aetherv239_v44_depthpop_instant_canvas_preview.html,4b97e82df1e63b5d88aecbf8ded0f47faadaa0a4dfcd1ad53bf734d06713aef2
25,1d8258861fff5eb4fc20cc3a59a72b24d672165bc8940298422cc09b54695c79,aetherv240_v45_depthpop_instant_canvas_preview_fix.html,4620bc4febe0c5e2d9d5c641db407564acb574e0c34300b73908a92e1bc309d4
26,42ad01b4992fce1bd6007480314f18d691fd8af99798c5aff141d7d47e8d31b2,aetherv241_v46_depthpop_instant_canvas_preview_fix2.html,b78a9294909dd8602ee814fc9c22820cb6d4ebab170aa902b6bb82b8ff62e0ba
27,3683fbb6c8a47c6f27231116441866638d36f9ee12d94af0de46f90af1a0af51,aetherv242_v47_depthpop_realtime_preview_watchblobs.html,1403acdec1e6aa856f2a082b694d74ad9db209e45c186f2adcec26319dd1f633
28,9e0832c1c33125811bc60c610aa0edd7bc4dd74e9ac2546a2e1309a241e16a5f,aetherv246_v104_depthpop_progressbar_MODEL_DRAWER_FIXED_SWITCHING_HOVER_FADE.html,b036bb9280e292e3a8e7ee6a07423698b15a07c45c2d0d876cdf6b93984c6233
29,80c2d2ad9d7dae03928cb56ee50f9ada91d9dc180add15b2cb676ae84790f021,aetherv246_v105_depthpop_progressbar_modeldrawer_llama4_maverick_hardcoded_hoverclose.html,a2fbcd67acfe96477e2f8af9dd38812badbe325f4deb185df385a79c90c3800c
30,e5e88b87454756e7b4df14a251691627029dee2be9e93f7bd07465b1a457656f,aetherv246_v106_depthpop_progressbar_modeldrawer_CLEAN_LLAMA4_MAVERICK.html,471b47d13fd98d61c7c40e55df4f653b1851079c43f453341b5192d3cb32e31a
31,9b9d525cae2b9595fb6314ca32db6c7adc960a4371c495e907cf09b22d296e27,aetherv246_v107_depthpop_progressbar_modeldrawer_FIXED.html,cc22c996089f500b8c793daf344751e5851d9ead2327be2f213adbbddd12d9d2
32,989bc55b8f5346bafe3f7575a560a9fa9e41dc74e473002289cd52dc68e1f6dc,aetherv246_v107_depthpop_progressbar_modeldrawer_LLAMA4_MAVERICK_REWIRED.html,1425a7ef5ca64304ee9f927707e48426101192c05a5be97379241fe74433a0d0
33,73bed17cb089dd2580ed80bc6ffc6f33a349386de1a63743ed63143acada5aa3,aetherv246_v108_depthpop_progressbar_modeldrawer_HOVERFIX (1).html,4508ec9b5e41d38d29b3dbc1048eb68dafda45071f1d8e621600928f50275e16
34,7d6744e03325176817e83a021f8a135acaec3b6912a29226f0ff9815584ebdd9,aetherv246_v108_depthpop_progressbar_modeldrawer_HOVERFIX.html,4508ec9b5e41d38d29b3dbc1048eb68dafda45071f1d8e621600928f50275e16
35,5990c482f656765853dc3e332713639ddeb2ce2c78c74842ed457fb08d63a94e,aetherv246_v109_depthpop_progressbar_modeldrawer_CONFLICTFIX.html,72476912d5d45ca5fbc751aeb17b77391338a9c958531d8bbc42c520cb262ed7
36,d71a24687f8d1af1f415090159dda0e374585c681df5da3beedd735bfbbd0baf,aetherv246_v109_depthpop_progressbar_modeldrawer_FIXED.html,d7fbd009a8afc6cc9e8b54a42490aa1ddffe2ad0ebd3c15990aa88f1f8ccc702
37,be2b536d9b55142eaacbe724add4e862ab27c5ea7f0793c4bf661583789d9343,aetherv246_v110_depthpop_progressbar_modeldrawer_FIXED.html,ba56c5c8fad5dcc5f240fa9b3c9b2b5f942630c896ebfc9a6ef7f72dfa4cc65f
38,0ab6d8e062a9c1c66d1cb8885953f90bc243eb227e1230f7245fa4cde552cf85,aetherv246_v110_depthpop_progressbar_modeldrawer_REBUILD.html,e5445e5be7069d6880356fe4e546229bbddb3e4d0f87e7dc6d4650efb154665f
39,d62063544e39c34ae1a7741d67f3e2c806e4ac8945eb30cdb75ae0e56a033ac5,aetherv246_v110_depthpop_progressbar_modeldrawer_REBUILT.html,572e781e254bb833847b90bc14f363d1b571984837cbf86bb071a978cc169eda
40,0a09bce060f66c682320ffa5549c82b047dbb884d4d276cce9772cb640088da8,aetherv246_v111_depthpop_progressbar_modeldrawer_REBUILT2.html,39ce657e424b352d5722e68b32f6377a19d7a2fbe63d9956226d1f09bcc4e481
41,4e62408781a71cd371c30f9f6d573fe6050f6ed320a32ce9bed5d6a3345d233c,aetherv246_v111_depthpop_progressbar_modeldrawer_SURGICAL.html,2ba89839bb6ee4e8fca49f609f46c90f530ef63c68f0c11134ea692e52539ffe
42,25bfb99bb4de2e1c9bae80c06d8242d36f53a6d41dac421c6b75e91841bd6fed,aetherv246_v112_depthpop_progressbar_modeldrawer_HOVERSTABLE.html,e3bcfa1999f4b4c48e520bbe8f570cce033fab85fa1b0f91c80b006627b5c086
43,f8ac10f67a894038be21b33148a830b13297978c58af066bf95abf4c43050fb8,aetherv246_v114_depthpop_progressbar_modeldrawer_HOVERLOCK.html,e795f02e96690305f8bea43bf3a9bc1bb44e7939ff696c178d491f5df54b9c06
44,fcdebfd5ddfa4cef626062e1429d414009ec334bf41e2889817fbf6d5055f810,aetherv246_v115_depthpop_modeldrawer_FINALFIX.html,d60ef499cf42c68e06c06cc8906831874aa351ac7d3f9c08cfa5aa4d0ca7e7d1
45,a91b0933ff8fb7497b09e8ed596b8e4958a76a1aa0cdd77e3cf11e2202629c0d,aetherv246_v51_depthpop_realtime_preview_FIXED_NO_SYNTAX.html,37c7ce0087537f559eb095aad6b2bf111ed56b286ffa2a4111d32ac856d7c44b
46,64489415b1a947215afd0d8ed500f5404f1c6ae6f0cdd8e7046e55f286fd4feb,aetherv246_v54_depthpop_realtime_preview_DEPTH_FIDELITY.html,649483780148721d25f309d4a444dc1baec7d8a3440f1aac9583915489b57f7f
47,543449312f7f756bb6fb1b64291ea2b0d149c30fd62f6270a2102ed5ca94b481,aetherv246_v55_depthpop_realtime_preview_DEPTH_FIDELITY_UI_COPY.html,af9110a1caa7ee2a1af49f9557ca841ecc4ab82d20c4ace35fa9d4d11e682122
48,6bc00c6879b11a2911ed72050d9186326d173ba2b89347961b8a79e882f4089b,aetherv246_v55_depthpop_realtime_preview_DEPTH_FIDELITY_UI_COPY_MIN.html,755212432b355cc8920d4a6f2a08bbcb4d0ed7c16ebee2afe9d3b08e3768fb02
49,febf64da15ec1f4bfd5378191c53562e5d68c6fa6e8883068a9abf6afaba6817,aetherv246_v55_depthpop_realtime_preview_DEPTH_FIDELITY_UI_COPY_ULTRA_MIN_DRAMATIC.html,cf6a52baabed00336aa76870b7ff2ef0559f2c4b39bc0e66308172a513b5a05b
50,9af029f9700f1096f83fed33de96eda4a597309a593959c7d75243a5cd642642,aetherv246_v56_depthpop_download_ui_half.html,ac0bb80101fd40421644eb4f09ebe3fbb717dc92dc7557e15f586b62acd729b6
51,5179ab3592f527aa477c623f68f1f50facc1caf30c0a1694230661489f85e1ed,aetherv246_v57_depthpop_download_options.html,ae51d5aa100788f10b7e3a36f3c65edf25a6cba7a82ca84bf2922dd4bf3cd989
52,aaad78cf9fbe4dc856bbd7c00ce7679868fce7da30c85005518bcac0c0cb2dad,aetherv246_v58_depthpop_download_options_FIXED (1).html,49dc227f4a5b828cb30d37eb86b5d01f75692106396303717d81ccaeca1ed935
53,71807f196ad86f9ece11151b18c94e6e186edb76ca7a126dc94712d0ef1f7e22,aetherv246_v58_depthpop_download_options_FIXED (2).html,49dc227f4a5b828cb30d37eb86b5d01f75692106396303717d81ccaeca1ed935
54,edce12d1ceb24222c5f34233f4ae895492d1d4536c547d325fd0effd5782881e,aetherv246_v58_depthpop_download_options_FIXED.html,49dc227f4a5b828cb30d37eb86b5d01f75692106396303717d81ccaeca1ed935
55,2cf3f6b4b29fcfbf792ae15fabcd41dbf41976dd2ec617b96ffbe80541d01b0b,aetherv246_v59_depthpop_download_hover_options_FIXED.html,a63bcc3d3147b4179f010946907ff6cdefcf538ab18f71dfd89f119ce0a1c9f2
56,7157aac8628fc14081fea1867a75bcad3fed04297b2ce73368ab97f5f6462a64,aetherv246_v61_depthpop_download_lightbox_top_dropdown_chat_simple.html,dc40e690580054db68d464545dae37ee11781ee10cd45a51ff30f745a86a3147
57,8277b0bf4b02163a0802f2ac206d7ba9ee1dda28cca95e410ae8a895eaad084c,aetherv246_v65_depthpop_download_canva_lightbox_chat_clean.html,6a91c363b9f45c5d23585b3415c8b26b0262217cc18dd692ecd13d547a611a8f
58,13d1df56870675a69b2c17bd944820b09e6ce5faf28427518717b5b4dc2f87c0,aetherv246_v66_depthpop_download_brand_scale4x.html,e3c41e35c3c01b5672660087d1a009ffaf95b083f0e2175a975d8b6be99d3849
59,3115741fbe1e90e12ede6ba0ecda1417b571ab2d5f6836c95275110ee03702c1,aetherv246_v67_depthpop_download_panel_front_compact_chat_hover_purple.html,eb826d0e124fba03082403e876a1f1799cab7b77f38a668d08f44d25294d1b1b
60,f19583c8ebb103eccb7d811a798c7f531aeb5eda2acbe90f34f385e6051990cb,aetherv246_v70_depthpop_perf_quality_presets.html,39aa89480a97d8dc2d9ef0b32a0f4e537dc244c6197dea923bbba30b9e6dfe61
61,379303461be35e671144e590b714a31a13fdd7ce5dc43e8a87ff8700ee4a1cbb,aetherv246_v73_depthpop_done_variations_assets_inline_guard.html,2a5b11d1d2bd37ea4da1a7b9dbab54a82544c65277029f8228d89c4c72a4fb85
62,3c160197c844351c303bea124418d077231f978267c4593238c3283a30979974,aetherv246_v74_depthpop_progressbar_percent (1).html,ab5d178100519c0241ffc2b55db869975d9e03752c9f59c748e4e41e82d196ff
63,6ae6dff9aa8255ec375443b7360ef28307277c1d1332d51ce7eb415d43a1f685,aetherv246_v74_depthpop_progressbar_percent.html,ab5d178100519c0241ffc2b55db869975d9e03752c9f59c748e4e41e82d196ff
64,fa3587b6f6fc7be578f2038cbdbf7bec1e9199e597296b742b99987c48853134,aetherv246_v75_depthpop_progressbar_percent_icons.html,02b4cf4216aabb9ac938900a1fca34b529526bb4a00129629508983430ae218e
65,e69e68a0bfb321a3282d41dafd1ca05cfe490750506f39aa2581a3bb7705a138,aetherv246_v76_depthpop_progressbar_percent_icons_favicon.html,f4237891486d752855798be756b72d0750c8ab6f9ebbb850f6cc4b73b709253f
66,f9a4114a349373d6823a0f8c06f0a6247741fceab926c8cce57999fd29a0702d,aetherv246_v78_depthpop_progressbar_percent_icons_favicon_exact.html,0ee3f32b03304a7718e3718f7092b587735e2d9447a17a028bc98928405e0fc0
67,47df189442c6c56c5ef963b98585547870b76ccd83f9fd05f7ad654bbc032693,aetherv246_v80_depthpop_progressbar_percent_icons_favicon_big_newchat_big.html,d5f08706f986302b3614f0e63cb481171cf951c22dd828b2a1515ab14405d412
68,0eb863c6b3a1ec371c0dc50434fc379554a7d8fdfa820b768a2f72ab423fb77f,aetherv246_v81_depthpop_progressbar_percent_icons_favicon_fixnames_newchat44.html,fe40082a67ca83e71aebc8a4d26c6d23ae43dbedd67c094abf3deed45dff84e4
69,8e3a17db4ff08db97622dc566c61eb1895be11457537b1c665ea1f183704e79d,aetherv246_v84_depthpop_progressbar_percent_icons_footer_logo_smaller_model_dropdown_stays_open_on_hover.html,9543b30548a67c430d6ed884637cf5cd3d7871778ed0cca19e979006e96c0a09
70,f613c36f4188ed08bb39771b00e9c34d94252d8ad4ad0ff4416d5cec7a78c29b,aetherv246_v86_depthpop_progressbar_model_dropdown_hover_fix_fastselect.html,52baa75614089a2632e1cbe23996002918ee796f0ae43efa0078593404d5870e
71,021f2e334a87f4e8c0b781d25afaeee314a636c6615aef1fc1ce28338526c322,aetherv246_v88_depthpop_progressbar_model_dropdown_hover_fix_stays_open.html,b2d5c41b081506534233f6c311d3fee70a9a7263f1fb4959f49ac4087d3ec343
72,dfc5985aff9c3bac4b2cb983a0faf060bd73837f3f12c5ef599fcb50585c33e2,aetherv246_v91_depthpop_progressbar_model_dropdown_LOCK_OPEN (1).html,deeecea696334beef0753c14c9659cf4f86cac778ec68af8974136f0f6605930
73,5011fa168b92a3e3082b4e89548a1e269f19e965f12fb27d091d4c901e01e7b1,aetherv246_v91_depthpop_progressbar_model_dropdown_LOCK_OPEN.html,deeecea696334beef0753c14c9659cf4f86cac778ec68af8974136f0f6605930
74,cd118a730011ebb1e3060f336bab04b20725e54a8ff3ac00916a41c08b4f7eab,aetherv246_v93_depthpop_progressbar_model_dropdown_SELECTABLE_HOVER_ACTIVE.html,a10b0986e0e2a13ab20380d5ed6f03828b5225fd07498afe406f3593f6b3ab91
75,efcb88a14a63ae0f9165d98bb5055822ec9959553147983afdcef5c79bd91a27,aetherv246_v94_depthpop_progressbar_model_dropdown_ADVANCED_SELECTABLE (1).html,f27d6bb90a627dbde6447053e6edc05887c35d23316edf86c3f68aa1a612d456
76,ce770a8355955bb0dde5e0888af778678bf7ecec1debcdf9ff640100cae6baf6,aetherv246_v94_depthpop_progressbar_model_dropdown_ADVANCED_SELECTABLE.html,f27d6bb90a627dbde6447053e6edc05887c35d23316edf86c3f68aa1a612d456
77,985dffdafed2a24f8f0f970a431077a4ec2fd55e942f1c487826b5ce64e5e21d,aetherv246_v95_depthpop_progressbar_model_dropdown_PORTAL_SELECTABLE (1).html,cd6abe069a40040421b494e6b62fccf7d46e50d91f14af652c6b199806e17ffe
78,cbfffd36be6ab4e137e3d763e24f8825bf27bc3f14ac13c00ab6930d71aa00f9,aetherv246_v95_depthpop_progressbar_model_dropdown_PORTAL_SELECTABLE.html,cd6abe069a40040421b494e6b62fccf7d46e50d91f14ac13c00ab6930d71aa00f9
79,e79e5274060f367fbb790cedfdf1e475c6e894509ef2a34dc1d8637c26caa0a8,aetherv246_v96_depthpop_progressbar_model_dropdown_SWITCHING_FIXED_FADE (1).html,26df57d42a5ca5fb39b25d2a1698a53bc486ccb4d17eb7282b499d68e414099a
80,d117d2a1540a445204159b7e76e3b7e05365dba64b8ee8d365c58fee6d615c14,aetherv246_v96_depthpop_progressbar_model_dropdown_SWITCHING_FIXED_FADE (2).html,26df57d42a5ca5fb39b25d2a1698a53bc486ccb4d17eb7282b499d68e414099a
81,527e5419688f485729a5c912485df724c59caf68f303f860bca81750605bae11,aetherv246_v96_depthpop_progressbar_model_dropdown_SWITCHING_FIXED_FADE.html,26df57d42a5ca5fb39b25d2a1698a53bc486ccb4d17eb7282b499d68e414099a
82,99d8e449cdbde18ae4123f5d5ee195bbd1a58114611f1e2ab598a59f2ad4d60d,aetherv246_v99_depthpop_progressbar_model_dropdown_REBUILT_WORKING.html,d5c380a0ea7aaf98ffc3255316bc9f25a5aa1860c20af84eba2744b97405d835
83,989bc55b8f5346bafe3f7575a560a9fa9e41dc74e473002289cd52dc68e1f6dc,aetherv246_v107_depthpop_progressbar_modeldrawer_LLAMA4_MAVERICK_REWIRED__drive_1plzGwkSt9UIyTfzSCSBoFoHEMOe1wcfS.html,1425a7ef5ca64304ee9f927707e48426101192c05a5be97379241fe74433a0d0
84,989bc55b8f5346bafe3f7575a560a9fa9e41dc74e473002289cd52dc68e1f6dc,aetherv246_v107_depthpop_progressbar_modeldrawer_LLAMA4_MAVERICK_REWIRED__drive_1nnx0TwlUMIwBzHAvTbuS1Z7vxD7LXn0m.html,1425a7ef5ca64304ee9f927707e48426101192c05a5be97379241fe74433a0d0
